"y","x1","x2","x3","x4","x5","x6","x7","x8","x9","x10","x11","x12","x13","x14","x15","x16","x17","x18","x19","x20","x21","x22","x23","x24","x25","x26","x27","x28","x29","x30"
14.0257224873828,-0.0350131269462978,0.0729187500818173,0.204593105337903,-0.700172381324723,0.902748558030261,1.33757064228554,1.8424415572207,-1.10383846615628,-0.973857909530375,-0.122570174561728,-0.0644353506262502,2.00838761010155,0.660529504576059,2.24818454918011,-1.9009525573523,2.83445708432091,-1.7738813655296,-0.873694887217605,-0.390686456018653,-0.00834335520724858,0.696392369229089,-0.654959566536968,0.317449948394531,-0.703548981651056,-0.688846191586594,-0.31108678576073,0.11896140264722,-2.1108597415857,0.744648441303962,0.390912349316764
14.1122280370278,0.993660340706868,0.269761785477699,-0.341075221806754,0.282733619624037,-0.113541371442632,-0.0759779681905259,-0.490518749845258,0.477821320682546,0.790253601842737,-0.416433352212796,-1.18525215520123,-0.968814354479478,1.02570566304158,2.84269750284507,0.196855495045317,0.677669759143795,-2.52429717098292,-0.971615866757637,0.502298860513069,-1.00862039148037,0.42856091359419,0.624771747575801,0.674455167883194,0.931694251061039,-1.106685192953,1.51283657638134,1.14553086227736,-1.77302426744479,0.161919677025561,-0.660714133985595
18.2296489479442,2.12178169258835,0.045899345474129,-0.0561132616321452,-0.0476431940087267,-0.0116039998920051,0.756302518056952,0.56260592939897,-0.218937186909206,-1.22552353879794,-0.0394076135805651,1.13814815770318,-0.352428934727856,-0.384221803176038,3.80226558993594,0.90336754197458,2.03055731929349,-1.06096910159462,1.01900250280476,1.00072808182765,0.459717844089029,1.39280090899054,-0.752471151279303,0.571861994868591,0.739814170454162,-0.472906384954159,-1.40871306885694,1.18415125051461,0.614927334523447,1.02545194773845,1.01650821812195
12.3923179627252,0.762510578083735,-0.455850169837754,0.56615888678252,-0.315832142444871,0.0696170702142873,0.496597908237386,2.66051776574749,0.24177740987911,0.32825117640456,0.294279581328893,-0.123141225807619,-0.0940617918143284,-1.45717102082867,1.90331725291133,2.21831531139845,1.23160880800988,-3.63054146599605,-0.38024014128791,0.552729639196193,0.638434180827845,-0.0984686481406473,-2.21112835643372,2.59299660780539,1.99674834758525,1.02170258515061,-0.916205382068243,-0.144004063819801,-0.109682728755007,0.552643327326995,0.476188097951393
11.0312985403729,0.347878140520903,0.56211427093411,-0.122603626654194,1.37956233748249,-1.85891740603897,-0.415201489900803,1.84587618495879,0.037890291781346,0.934769669593627,-0.0988684291886908,0.606697970735086,1.06470569970013,0.559754922582106,0.747547256828452,1.35955143783628,0.414697538189563,-1.15096859751237,-0.671588316244437,0.513090910516181,0.794368272764874,2.20168202098055,0.84796709932113,-0.742045131730761,0.797729637241696,-0.268758539353512,-1.55430967880352,-0.332021188587633,1.01458503486604,1.33995642016407,1.21645120632474
14.4225348143032,0.917264700423404,1.10291600860668,0.00896057294833082,1.22434023440063,0.311062023946375,-0.0979827683768929,1.27068897000764,0.668523073107402,-1.13479621218212,1.99842365678223,0.515344020458088,-1.04477881637662,-0.262857522899302,0.821081810480199,-0.11096645289238,2.82246286875031,-2.38905503040299,-1.12788502518352,-0.266198041837303,0.58383087790442,0.854969335267343,-0.762828060589456,-0.215319405304866,0.224494878334912,0.787215336462025,-1.21855167513035,1.86174681214477,-0.858065285874288,-0.00844107370343691,-0.921663398304324
13.471709872581,0.735136124074767,1.44078419311745,-0.0213671585688289,-1.50825613381425,-1.46857705225532,0.223876907044547,-1.18246824171,0.0201165858429722,0.346034270576553,-1.39218680737629,-0.888950308205335,1.6317694709295,-1.47335762772077,2.79536030924941,0.525487693184652,3.05159523397094,-1.48859472425584,-0.0548750984796046,-0.524534753894239,-1.90688362697843,0.136975567074186,-0.137380770268483,-1.30239423579841,0.593270141619562,-0.704165471561568,1.53345190366261,0.216002485129701,-1.36052414956827,-1.7240641907567,-0.212694071376728
13.6398377667722,0.566987586302708,-0.349093131855971,-0.615026940991579,0.763808869563694,0.650570950058954,-0.558334046634056,0.0651976193142744,1.19935212781119,0.267700027335488,0.354048224276166,-1.81031295714697,0.219276662870907,-0.00762037894569968,0.621421092406309,0.190040019790772,3.1574920294096,-1.83547846509464,1.68053134647679,0.224614364022558,-0.980563152255016,0.751283640235775,0.215341554423682,0.401271907814655,-1.6890972270008,0.615404014994365,-0.32549137396009,0.474691827372718,0.173732071373463,-1.66826597291829,-1.07662923950716
18.2946849048959,-0.313221455257828,-0.162391100501462,1.30890204026179,1.68123184763525,-1.35951043491441,1.45284315403495,-0.4144804882376,-1.63258094892339,-0.158969010515711,-0.197525414056378,-1.911839780414,-0.00406943152705519,-0.343522880964001,3.26776653056685,0.538587748118148,0.670435639720186,-3.21652299866731,2.91142180403622,0.254314685789361,0.665260577315687,0.519162526940701,-0.990835341781251,-0.60369092963583,0.689002446127889,1.17835891108352,1.650906798503,0.635405538170448,1.88641977937838,-1.43339771008492,0.165421064220577
16.5477764441764,-1.10081724399467,1.60625226821776,-0.158518088486944,-0.498267969752671,-0.142870183310831,-1.76212240959406,0.48720396929394,0.549534373881103,0.420214477089212,0.0412041918754464,1.49233983197388,-0.387355916815436,0.620958612975835,3.25991370464741,-1.04353237444336,2.28148838627569,-2.53936234965627,0.899615551254773,-0.316427370267012,-0.384191552328422,-0.975818588788104,-0.320970148632876,0.179238311693052,-0.498055825721098,-0.523532514279022,0.933747045433712,0.81876552736971,0.750947965483048,0.366694802729801,1.07337297469381
11.787479771725,1.0233158642622,1.59693874296653,1.91082809315518,0.290939004687996,-0.89704977271309,-0.551031298478169,1.29100960728841,1.57481733376413,0.880595607188616,1.3708193730694,1.96425226230622,-0.105065580401286,0.365274024175923,0.782731431987033,-0.311280248299142,2.72254451014772,-1.6281765473735,0.791141495096695,-0.0241698952244147,-1.3123450480038,0.516561876673004,-0.662041296996201,1.90405054890407,0.0520643218317333,-1.25071268066906,1.51891963677119,0.590377412635727,0.274602178477651,-1.26095760200792,-1.53602968787321
19.9876299275424,0.163280798279173,-1.44887676270052,0.186981812897543,0.606890590102074,1.17234343177823,-2.49796140263173,0.46010991262804,0.337187737360939,-0.841095735569562,0.109051482490011,0.749585093912547,1.75848733781637,-1.37655585882745,1.70758918339629,1.48233855042474,2.23666297425546,-3.96297160038439,-0.287901516106441,0.764333646853644,-0.473285804479184,-1.30618899280735,0.97407320114495,1.07067011090745,0.275901337895854,-0.948894227346977,-0.989836436315378,0.749709482298696,-0.162765606961347,-0.357278135434868,-0.569916633832965
22.2433308876528,1.01020856230675,0.353575090503411,0.762084661691801,-0.271517781084052,-0.953514158614962,-0.635868091447745,0.730566515365773,0.291206820351702,0.147637394589723,-1.60370666106368,-0.335365400340011,-0.473121338574436,0.149956449413831,3.51568450194653,1.85988929867856,1.64384055200896,-3.33431107517919,1.076100399907,0.203207083048534,0.573166280482488,-0.06509504558156,1.03984211055617,-1.26322073157429,-0.215394585029401,0.226600895002833,0.493982626793526,0.751587681668009,-0.394506610065327,-1.41179122967438,0.912211585868585
8.54869820302559,0.673383752384083,-1.53572026384097,0.567049976313341,-0.17736872051755,0.724024287990579,0.691176706943494,0.425147365230273,0.239445692747417,-0.119071647587011,-0.407461874865315,1.41097914315454,-0.184064286927448,-0.153015929612199,0.84225834887865,-0.461151720219506,1.75678389443263,-1.11389420738908,-1.46691003047033,-0.470290893546636,0.520455989423564,0.430079710768475,0.761822761006637,1.93598491847048,-0.0409042482179292,-1.4966225151243,-0.588428680677504,1.60253629081304,1.72607202546725,0.499317696072804,0.918984961885244
17.9472692566345,-0.0494052279493859,-0.28986261695124,-1.48852816492567,-0.263120019643949,-0.122097653777969,-0.899308880999444,-0.655072471641126,0.979190741549831,-0.306440578033073,-0.768851685293393,0.180958018227838,-0.608610985404828,0.769857116621357,1.25362500550188,2.01966534384194,1.63400720373152,-2.83599788645225,0.5562238255465,0.536816259760222,-0.306878660236964,1.63096554531604,0.338340342916703,-0.436230618995775,-0.616005548453037,0.425142682777873,1.24887925731343,1.40612563121122,1.45242242977357,-0.0445233554113465,-0.139928313653065
11.510885339215,0.419991781372335,0.77136213713423,-0.766482048467508,-1.63341859139388,1.58310598520992,-1.77099501014472,1.45950140578497,-0.118977279307812,1.12770048782088,-1.42842932635642,-0.796269867857732,0.594846685502658,-1.01680159989292,2.35849888969354,-0.983639325544303,2.08957157897149,-1.13746635313408,1.04855438864489,1.39175194101467,1.64447467857765,-0.237987596684532,1.23764542191642,1.70020464417781,-1.18522529613499,-0.237606226230434,0.144294918596863,-2.04638501615872,0.606942929366934,0.49109321355297,1.97298399366602
15.3682339311064,-1.02437693762176,0.370016442164563,1.84509029355942,-1.09617994667486,0.279326868922269,0.560931682054093,-1.60795391057768,-0.116772858264356,0.128008076753502,0.271483706710334,0.315262406721538,-0.0719534595201199,0.72185865618219,1.78589745613865,-0.439376052621352,2.53268461164535,-3.58253890331674,-0.143745074937309,2.28647020042066,0.373579403492268,-3.13159103641318,-0.209298914078802,-0.281870306333384,0.125901677375796,-1.28536465761522,0.679693525397041,-1.18303455454756,1.07059230847103,-0.0378442423454598,-2.05563883378664
15.1756186261256,-0.327726715255742,-0.683608648573287,-0.230279600862812,-0.803764307571178,2.05055415626758,-0.0627235316311601,-0.143375719589227,0.137654643588153,2.50135869947657,-0.222189341213996,-0.94397904270151,0.834812150478775,-0.782980196639861,2.63801641956717,2.08255837770856,0.422692286749265,-4.17473075941944,-0.662844166895707,-0.744905492176593,0.505942831969454,-0.132271556515519,-0.58700632034698,-0.238974775797893,-1.41051125473622,0.0842096761361941,0.670030007237166,0.107898214784301,-0.538181076305607,0.756505640481362,1.85861622834179
14.1878146939206,1.2401917728215,0.151366401712103,-0.396477636592568,-0.168873690676709,2.68378501156879,1.20420726605889,0.0169206009010236,0.192227379182568,0.371023506508264,-0.493243153160587,-0.265512385341719,-1.20812086236121,-0.919046474308166,1.34839712353854,0.712189551112614,0.767813734182924,-3.29600700427467,0.544978440238922,0.344388967743408,0.870688593386015,-0.382756247041634,0.415927001424483,1.98943226759681,1.29877077704937,0.921135250533465,0.865354179955228,-0.0200666810131164,0.993921095402625,0.500172028640835,0.0752650941306554
17.9918378082102,0.93934795098692,0.283576272125667,1.20309465194277,2.61225964503939,0.953994231768613,-0.5626049971001,1.97634373458401,0.463983886651998,0.647809701590294,-0.590103892532354,-0.351912588139916,0.918553094819825,-0.168958621343066,2.83002945237551,0.781829016129907,1.51390339205779,-2.85551790674559,0.64082154889835,0.614656010471458,-0.965558343075085,-0.0995705020122431,0.221107200275311,-1.22136070165098,0.547362602415027,1.9435953188661,-0.535835139389216,1.32673578897633,0.537902881034364,1.46270408358088,0.0783539288061665
7.14211058138877,-0.245059969410554,1.62822898769724,1.15973761373599,-0.637119650687696,-0.0121516743161129,0.0260317854532493,-1.49556239211115,-0.185939843552307,0.0741128825164761,-0.241803421437897,0.555163862568499,0.60841671979777,-0.569742367087626,1.25087823375053,-1.21100095310437,0.639284008644667,-0.879385378399786,-0.00947639968042624,0.123752016054531,-1.90659763437225,1.94725675724426,-0.264168888776068,0.369851922184147,1.19919120823859,-0.455929255488033,0.830906166235909,2.00364650354564,0.199582365128919,-0.120335496556756,1.55226852092359
16.9582199500184,1.44739370295522,-0.431593648659083,0.585721410116622,-1.24648704340268,0.560635971955946,1.64537463987934,0.593823674883372,-0.31928149823448,-0.633064099103011,-0.555702794711322,0.016507664229265,-1.07113916563663,1.8919498322266,1.46419868759202,1.5482009154895,1.611956060852,-2.42234937660368,1.00068211753265,-0.654801413460894,0.0131080848023207,1.44784179236536,-0.198272812243997,0.65819349780739,0.477681334686212,0.175916132065969,-0.141112354851065,1.41803987300988,1.06079706827493,0.922654950586756,-0.592466137624205
11.4080359703153,-1.2973184974528,-2.3090711937716,0.325664452038885,1.95710472202813,0.952829118495278,-0.818691806295297,0.553538248439425,0.506526665687798,-1.56236499113394,1.85933173845287,0.361646661728486,-0.574930140456863,0.625515908732671,2.91603400463467,-0.0214766862119582,1.62428444514175,-0.280786337579812,-0.262790666187654,-0.370728331560375,-0.627031041377675,0.236988082629785,-2.79561843274919,1.23324813208807,0.691971343524692,-1.19461761737541,0.25680790747553,-1.01531115269811,0.425402746710141,0.596787151618918,0.452356458606168
19.366823706966,0.0379968127110457,-0.875865412865681,-0.688835630426513,1.78096116053409,0.419854197321521,-0.807539963584942,-0.382883859749514,-0.642256561872595,0.79671154167963,0.449849779177579,-1.08290613099459,-1.57916111483889,-0.0547053415951344,3.56823043529868,2.94793335473451,2.26702348285888,-2.65070708928146,0.318856371895136,-0.789043050228686,-0.979104898602302,2.91063182012097,0.160425342512698,1.15969056215533,-0.0196150197557861,0.0193288723790523,-0.579352668634029,1.32113566758237,0.0756367540734459,1.60189839144285,0.700387898518876
18.327894465683,0.770783016201524,0.465919446261569,0.482047334298295,0.486659531531683,1.85088149767474,0.600272606167163,1.77365985389982,-1.41066791301303,-0.739815896854598,-0.816917768001043,-0.114992505245702,0.395071576294744,-0.359905783332048,2.85657985764493,0.0409758033876477,1.01781153698634,-2.61736874520578,1.68970957403354,1.13620487918918,1.18063703086694,1.34903415730161,-0.103774055983242,-0.0224609529651109,-1.608485021657,-1.61326222098493,0.727540269037264,-0.86128613132044,-0.263883859965837,0.451229221712034,0.275808148746286
14.4620155989862,-0.838906637852686,0.408086301596522,0.746236645258839,1.18060790259857,-0.143729046690713,-0.152370823041876,0.32463145616194,-1.39680635248707,-0.198647554184158,-0.55852762442461,0.473545632070884,-1.08902928808888,0.449500137376135,1.93730509046584,1.99584051089176,1.8125250804868,-2.51649735745495,0.669242864601691,0.571536665065045,-0.565589366070806,-0.210578374132221,-0.377558969788875,1.36442612143587,1.03402155596081,0.416267364863246,-0.710963622916811,0.443206648330191,-0.952240072756869,-1.30854096306672,0.474814285392129
7.13009140103599,0.484192813776533,1.27277750406698,1.65893238653027,-0.872009353003312,-0.422471107117805,-1.58102610426672,-0.412422106664928,0.0627318018251283,0.912101028448867,-0.0436382479492357,-0.55741968980223,0.632122786746229,-0.856896296276811,0.0743606845149856,0.0949747380287461,0.639754709559326,-2.44201217059038,0.536214993459652,0.108265661474015,-0.137376936726287,1.07382133077694,-0.161425794831364,0.956478579544195,-1.90822203532144,-0.591190422726851,0.379458989834566,-0.40494038170262,-0.0427627889193374,-0.724235270502427,-0.301685338203173
11.8001879012523,-0.873764847963394,1.34788934748765,0.657376513585186,0.237069509791461,-0.98943519134152,-2.35389414109116,0.138482382757078,0.977277836733331,-1.23767879378971,-0.853955451502063,0.31223249953412,-2.4111899765446,-1.42094810877655,2.42935410718056,0.0859530774539016,2.13868680182166,-1.72578092479188,0.640206715608809,-1.62842715143895,0.209736689740846,1.30818466838691,-1.2324464967014,0.16992708279135,0.491141045540161,-0.980167679783764,-0.377893766831172,-0.480871640271917,1.01442679395288,-0.120139367661673,0.792223932191831
9.61595577290158,0.605630393275239,2.07107251307645,1.95706474595343,-0.106776393231362,-0.961337447375094,0.0408136536323645,-0.00885064994260601,0.726374637469535,-0.102614805980518,0.0453256182095465,-0.00193416740530778,-0.635342022753556,-0.396828302680514,0.865046617577959,0.296123269150169,2.39962689413244,-1.05430608126519,1.17794289073566,-0.959820582142106,-2.05148655246706,0.314161724614995,0.156922002445885,0.34812178639139,3.21556496582104,0.337426374784571,-0.17577162201971,1.56746917485635,0.304591491550587,-0.0212963723393561,0.540475895309385
16.7476050057495,0.353399147867049,-0.308912685967656,-0.174206514922557,-0.18467216596803,0.616774606112774,0.855665756233488,1.19477367839594,1.28942842937684,0.564985877776358,1.11500906668644,0.210951381071093,-0.718655968468951,-1.3066171739186,4.91595834906355,-0.905064644550066,3.16559028681204,0.542830400769886,-0.218477680092287,0.395386910039881,0.0824559498110282,-1.90555404140632,-0.971986221374634,0.86137611395523,-0.406317221781192,-0.379719759141042,-0.732360756154644,1.43538408771147,0.470789177275364,-0.824851444532409,1.27008483657207
7.2546673304707,1.59590468267915,0.995830231819319,-1.71130540322162,-0.820542004411738,-0.98972677669441,-0.847358974958424,0.360449384919591,0.975180705493699,0.59283074008728,2.38709410042034,1.42126116211938,0.0317094974888806,-0.75643307239667,0.81323493623256,-0.0429401021781308,0.299281176539401,-1.60616406412968,0.287988467948886,-0.339401519780628,1.91041181951456,0.329197850701944,0.440538596073761,0.467799234566122,0.557778055378501,-1.6853649626377,0.591965488062727,2.02477780916498,-1.01686605576833,-0.702752522788125,-0.928874942591999
8.85556521192239,-0.239962739594887,-0.10301120516982,-1.44005679455335,-0.0633757090518754,0.616174165454061,-0.0900038364342801,0.74520406237365,0.559938258133211,0.279899757220818,-1.09029011401815,0.122776598993473,-3.0182347176014,-1.33224591933154,0.808929380611765,0.360850295534526,2.66485475625661,-1.57258944651255,0.162987374608452,-0.574345167122438,2.33522387290209,-1.40942379450931,-0.913878856990194,0.645728385890044,-0.45813029797413,-1.70504029759562,1.69443335737606,0.634467649928929,-2.30018881990656,-0.601898785582891,0.809024157688015
15.8565653662172,-0.710162891972359,1.82794566095256,-0.12134832908172,1.53297054854507,0.0245291045645543,0.166098611485791,-0.652523368355932,0.632475441266862,0.395010704400984,0.995283695312623,-0.30141765676267,-0.221647947296767,0.640248420954214,2.06362896016317,0.490669754020969,3.19073188219581,-1.02519538069698,-0.305703203276205,-0.682259404503011,0.0955077744059935,0.270823005012427,-0.600588422208949,-0.274915613570386,0.545698249538097,-1.53442620967035,-0.786794453639611,-0.472770812440566,1.18333486134888,0.0193331384713645,2.28051226093767
7.14068947100946,-0.361331237744678,0.190202128001609,-1.57661520423355,0.423354204717834,2.0270419104863,-0.782760598112435,-0.118919363331852,-1.5871437865861,-2.78261805776992,-0.25215230883692,-1.13193367241849,-0.940954732455452,-0.287428110028684,2.0899734544018,0.080507588452065,0.249744005673574,-0.259986022596794,0.338252571753112,-0.311960485783868,-0.289227595763471,0.713290338823715,-1.50838248417397,-0.797389714695746,-0.67954173171602,-0.789630932566486,0.273302515438421,0.757307316332977,0.867337045308816,0.521889514646692,0.582466774428313
12.3590672265711,-1.01147954719716,0.525661410842944,0.0994174432152598,-0.0139409391623697,-1.26234686644027,-1.37223415760503,-2.01465484992955,-0.395177675786329,-0.336071392473463,-0.212732480126628,2.6422719918465,-0.462481687005329,-1.51981392216494,3.05100240388059,1.0699573123296,-0.530087282275628,-1.58499831804246,0.079011021794843,0.0261039846582895,0.428916375712045,0.179992463414317,-0.589635849872447,0.465673791984287,1.70895855615635,-0.664642170907432,-0.162084928740503,1.1428690758219,0.895135243545532,-0.391242920640183,0.677964385079228
18.7211546307204,-0.813890328291728,-0.429972013817867,0.703851854552738,0.971661793512177,-0.855783064622502,-1.05286862161602,2.39494146434268,-0.58909176655136,-0.42020709025133,-0.439399728314804,0.904527391919323,-0.53544311738341,0.45856248086186,3.22518400525519,-0.032577932338207,1.50568135405383,-3.02151318347808,0.327909138563104,0.0796221054356602,-0.771821213982956,-0.760693574972518,-0.170589258165582,0.981389840821455,0.664440370413434,0.693237822115251,0.54743974947622,2.25905138071738,-0.460681861533481,0.483868405182231,0.338260990109338
8.17272256284279,2.66772505900575,-0.856109323373039,-2.53528882421874,-0.418145290221091,1.28377572686142,0.576138637459854,0.679746239538626,1.29791050987563,1.25063540591523,-0.612980487070803,-0.287156478624913,0.437165334138342,-0.978341418107811,1.57887495112976,0.204186911021419,1.2451284805138,-0.634844388172029,0.783908716514197,0.666391729691887,-0.621196450288931,-1.01675086702727,-0.460939664358103,0.0462894847419886,-0.971286182820642,1.56184686399499,-0.943899102176898,0.346673884200738,0.0356045100444568,-0.199714063132443,1.16869362385555
13.1453552291866,-1.39371530636876,-0.99655670966415,0.520010365701412,-0.233459202514746,-1.29920541204364,-0.836158053672733,-0.979691547002537,-1.26963005923376,0.441398880860693,0.957266015889991,-1.74681769487586,2.53660934733491,-2.37884640159541,1.47023251122615,-0.60466617208766,0.387409828467625,-2.27302817697773,1.77467812148099,-2.30817640708758,-0.92559527414582,0.213302636234676,-0.669965317952146,-0.519479965569127,0.653531971277991,-0.250094552588117,0.458470053950138,-0.0433027390525423,-0.3869255342528,1.13823324532581,1.44813664307863
11.7730335932188,0.350612500083487,-0.856485833912191,0.758718519883371,-0.815203349198617,0.590129814729257,-1.74408949538445,0.0697114592462286,-1.19543753890021,2.37401472574649,0.587560909142919,-1.17248860104244,1.42670601190329,1.38764925857046,1.37268797821564,-1.79567465675343,0.905717148072826,-2.63284777140481,-0.591327328888048,0.78228405239589,-0.563561125995533,-0.574875173594353,-0.0425935994506246,0.247157259154866,-1.51378769167757,-0.599686192437668,-1.36414598774362,1.38107831131812,-0.00580030208108595,1.09348725427736,-0.821737313994208
20.3895144603102,-1.57624197020988,1.0092908323174,0.751747680136128,-0.533166832046964,-0.124510997184625,0.442177943267405,0.64047187836283,-0.925494760184086,1.45100869391592,-0.830887821486109,-0.601078887808146,-0.00859414546608898,-1.29384813476057,4.10215898366875,-0.191898138614766,1.66576140988954,-3.36139333669328,-0.102850847844915,-0.820019349078273,-1.03036623158234,1.57723351162014,1.27768848465915,-0.50210074195707,0.479912845179528,-0.369734038988904,-0.062707053924597,0.948311689442098,0.569136220256532,-1.67695158096196,-1.90577042600678
13.1366085232091,0.3848146088899,-1.24830888364659,-0.153983513047619,-0.653612901109766,0.791629553775014,-0.809988710963858,0.325833809003757,0.728433385748084,0.15202096585299,-0.191588668608649,-0.0318974530952312,-0.751801715953843,-1.02654210152946,1.93740071092146,-0.238906765148552,2.30091447788011,-2.236515759948,-1.36121441927857,-0.051402593574244,0.809449991219663,0.7993871798376,-0.743042109682945,-0.629354795915201,0.454113145108958,0.664196807817997,-0.596937869791414,1.87549238776656,-1.88479487609148,-1.0498784134738,-0.635094368674362
17.3970592863753,0.849729731184118,-0.680094773161667,1.53457250248295,1.0083544167458,0.337303123754825,0.878004140039669,-0.587998174868474,0.465575189530079,-0.769674339486825,-2.94818565591319,1.14613743383691,0.0885339166340979,-1.84512447239725,2.4870281052036,1.82012615593317,1.59667636169279,-2.66388913392371,-1.35719027427618,0.3442725845102,-0.267426360487632,0.298544107773708,-0.0499141345044235,-0.0479956693897448,0.614353289429002,-0.408297234599632,2.44819987052248,-0.293078446401844,0.659359379000955,1.11229046702492,-0.408512545314373
12.1028308700992,0.575467998959586,-0.979763124671478,0.915967205140213,0.353937028039336,0.649485152914856,1.3163005568023,-0.917747993412697,-0.736818848041228,0.594453596594866,-0.934968920031013,-0.305926801250204,0.772920718539528,-0.683541818352274,1.6657258130558,0.132289759257875,2.67683924924602,-1.54136702189402,0.176722080229211,-0.0983731323800415,0.0110217479215126,-0.990364022336775,-0.320241928159874,-0.263465336032051,0.23349195606791,1.69824915714451,2.28705508963401,0.660563485381691,0.171793779765878,-0.323988005432251,0.208794673318603
11.8508646243471,-0.75984423810424,-0.28072475718095,1.38051601727077,-0.0653643767329356,0.831121078182795,0.17320719328061,-0.505524685622419,0.400834151065406,0.0674657211703645,0.0428285298728104,-1.09235736217808,1.04967843547483,-0.104381533981658,2.25806858084244,-0.377353612655549,1.07594828898244,-1.68331250701961,-0.365151270900667,1.03965970770017,-0.787701796624582,-0.819002165394849,1.03696902181559,0.844350305667474,-1.46515704294713,0.586399044437617,-0.390547502421852,-0.222776053107836,0.209382894896797,-0.589140330811212,0.895445027223005
8.89648438887829,-0.789045179546263,-0.8868070733829,-0.55742408381469,-1.18709836548016,0.452878088220734,0.572791746994591,-0.756515127613162,-1.57169507653086,1.33003335088633,1.14818386906651,0.273328212157445,-0.212843614825287,-1.07472775935991,0.970305531715108,1.02600907088921,2.51138627726289,-0.0931816037418103,0.884176646605642,0.513491626174155,-1.83986589444542,-0.303317326666034,-0.269189995745441,1.07921960215433,-1.56161846524199,1.34225701476966,-0.782828743051779,0.467924430176919,0.299162329094549,-0.574786749042369,-1.13457142546505
17.8386078311232,0.654604830448413,1.24986141779683,-0.364872180820678,0.901897975243083,1.02423708090976,1.07301130479857,-1.099135277282,0.659056386212873,0.756745929117703,-0.523016549130718,-1.60197828035451,0.471101240104241,-1.71940363086395,1.08318442680763,0.732088184725867,2.34775555920241,-3.57144110681857,0.400660338566008,-0.505532575880224,0.243352629629603,-0.018277602440951,-0.775708340844743,1.15179188120503,0.586079850877851,-0.260414401340604,1.41316102836219,2.46567531131368,-0.650900888360325,-0.7952526883569,-1.49039355881192
10.7752874284662,-0.944670155083829,-0.600261019846759,-1.61887463764741,1.90898397020826,-0.703366654675027,-0.811983771702988,-1.62690926448967,1.28457723037424,1.19607372768743,-0.757538515568225,0.451560575230941,-0.0202844097680931,-0.74028014995922,0.605201492718256,0.935734105907483,1.88329144941613,-1.64708137122789,2.86159486359946,-0.551494171772557,-0.759469846677218,4.2007244399158,-0.968537868990865,0.306638194432365,-0.224371828697712,0.507434041749833,1.43019891950469,2.45027827999848,0.540157343646906,-0.983385092595572,0.271952611131614
7.38678817790291,-0.140495576287769,-0.0244090055519261,0.814801064879783,1.54287544012481,0.233199226949666,0.272093056735414,-0.65651322072578,-0.0329373733186574,-0.794845938995575,-0.128896171739821,-0.511818838412173,1.11110253504664,0.427757566201723,2.11167231782322,0.231056346279752,0.698849913838512,-1.05477318721096,-1.68949972473319,-0.69045575141761,-0.32595408578799,-0.643797091173718,1.15296925083453,-0.639092075750096,-0.604739379812718,0.676586976149416,1.03551858848717,-1.01144463305352,-0.586313118657061,0.0445062634431253,0.726987347417174
11.224969762102,0.83701871038546,0.112605341166196,0.0399332170071725,0.273721887845514,-1.01247313520447,0.118520142607576,-1.06026200825485,-2.26610465356873,0.186809313490057,-1.20114749732212,-0.361029891437949,0.238320413536073,1.7371102783017,2.31871094937286,0.0360939621877963,1.10370428775797,-3.0573361009028,0.195963629851151,-1.04603361484385,0.475352948337192,-1.8876908070259,0.362600589855825,-0.475693270962276,0.107545656891146,-0.637746834566791,-0.465230069632911,1.15846616904766,0.172742062216442,0.138581335346329,-0.758201747846755
14.9123459564024,-1.86794972947472,-0.541665072976102,-0.590783188233551,1.02397269144654,0.455056469783449,0.418311616308398,0.102170448115575,1.43798640942217,-0.0769552170877849,-1.80038217353162,1.86106793129016,0.0501680894804976,0.881499260196239,2.01811933244639,0.345991601060761,1.88407294815907,-1.51550339554539,-0.915395328948928,-1.09346319356431,-0.0244004379967508,1.25510419042142,-0.570019453727111,0.981783336548476,-1.75506136090525,-0.968409424500119,-0.795386490456383,0.241878479487991,-0.100744481321247,-0.720412317180615,-0.102216151302499
17.0825611627106,-1.52840706461876,-1.49302209172019,1.4352375221717,-0.973111946555739,1.67299054582786,-0.847539830307541,-1.53268595499441,1.71170679188719,-0.836032693959968,-1.16545578348837,0.765599547956931,-0.887661914790448,1.15441437408863,1.62222002046377,-1.53231015798835,3.1841926441021,-3.44814080656347,-0.0512063052240852,1.20206359335996,0.214267172667422,0.465957036921088,-0.699375234322168,-1.42900424686208,0.726781703160489,1.40884963214267,-2.29761681014292,1.27918558812464,0.0743400138021218,1.53702944416542,0.102793137676511
13.4904856944458,-0.545025589437522,0.691905024284821,-1.03215949080977,1.77213039057567,-0.26609789176269,-0.115946867355429,-0.0770596477182096,1.56088306458397,-0.470205383319572,0.548354203196033,-0.0737722334673633,-0.453471162396319,-1.12248758297983,0.932975629645015,1.10674233504515,0.927733111903707,-3.02998406553652,0.947150038434141,0.312110852687668,-0.953102623161183,2.16789766969293,1.13309891804398,1.34827197027213,0.700556175477774,1.80940701242481,-0.405457784919507,1.40868681987498,-0.43626197602516,-1.01159760826674,-0.843738598012084
10.8596221600131,0.908976926494072,0.344366036300847,-1.08272711190832,-0.27842849813393,2.04123537819262,1.60341133047649,-1.00816402326646,-0.608075899014523,-0.504235620389142,-0.957872755431302,1.98911918667018,0.23419366871726,-1.10878199310012,3.73155581156439,1.59934698696561,1.03265319239248,-0.459114205791194,-0.124896666862499,1.13686166894411,-1.29677575119965,0.280250610560366,0.924261574037339,-0.542773576879781,0.926921959227222,1.5223111078311,-0.337363448058822,-0.55470323718483,0.658093842892489,2.60268265130503,1.74809368771222
15.7393239684982,1.1319460439862,0.858708445095597,-0.122816249719577,-0.495783654819129,-0.838817080162117,-2.32775883718595,-1.17536851158065,-1.1628868367704,-0.0127254249339585,1.37938365056735,0.277456896874758,1.93399718631411,0.375993972225608,2.81775848212232,1.0909245751361,1.15161290454264,-1.81657661353549,-0.160194281842348,0.167720130402092,1.2972410036502,0.207669277658148,-0.667985863324622,-0.790857970197025,-0.247218082666655,0.0103956282814163,0.849370638705982,-0.0403094075191129,0.315874327742592,0.669243468074566,1.52526293175029
17.516799813573,1.0511802421666,-0.00655858502632513,-0.307376949432362,1.90712434430598,-1.00061499340116,0.949926406395485,-0.0392162031759565,-0.280348280593764,0.596489755879262,0.113955923894515,1.07254203782287,-1.5669759669281,-0.385735977892736,2.80050808868461,-1.09148229645578,2.93994090349016,-1.821794078025,-0.590479101823615,0.385672137327677,-1.0754135212261,-1.04011555544187,-1.14082045529443,-0.774068047921003,0.112063617889948,0.182207235765469,0.76355617791973,0.315309617058998,0.833783435010717,-0.193402719718342,-1.6556279295461
14.2971762953961,-0.32147881393622,-1.32742955752814,0.379994954449387,0.140475375205917,-2.2071651077969,-0.0134661701769231,-0.652490271309284,-1.90029057533159,-0.952542182262295,2.18497578168394,-0.41511579905872,2.60456560092775,0.0349074674290131,3.13134767601083,0.759572827598971,2.74699068553057,-1.61248381582309,0.603082572452644,0.179382513686623,0.16772184031978,-1.60029844663893,0.0497035986925568,0.87842645393636,-1.36768115602928,-0.847484703567902,1.71423073701521,-0.435870100824914,0.66574824613873,0.481152320924669,1.07645867632887
10.823420281948,0.0430124023248218,-0.293603506758794,-0.383757418852128,1.21037900833958,1.28090846228072,0.126084542787334,0.430255999915117,-2.31785103111798,1.27346511894463,-0.249817300667135,0.227845010271033,0.623203145539311,-0.667217073794233,0.581074987888093,-1.25050448796137,2.43638470601591,-1.15545556565714,0.226078090676328,0.260503041818857,-1.64288610375664,0.458877343160047,0.979677512818658,2.07628130336029,-1.1354855864517,-0.489917383186455,0.779590711757072,2.94941138953876,0.159717523835599,0.370071926203832,0.763175639549746
12.5115873741033,-1.74197518142296,-1.53452606208205,2.76379243609175,-1.04029541116774,-0.693263749050275,-0.506802051062988,-0.581756176228947,-0.0799259171164078,-0.817637320142987,0.970847089126155,-0.119239842362503,-0.964536894295169,-0.733528500558079,1.36476125378401,0.463607756828819,2.64300665236253,-1.28208466171311,1.63417016177243,-1.53501785185736,0.0757273261406816,1.33292924668285,0.597697654451019,-1.00915839800739,-0.0773876331307676,-1.74072036179892,-0.901031271653726,0.611238971477403,0.603282616529487,1.01134140797627,-1.55454041219642
17.2667751330464,-0.971627032856052,-1.92606539944347,-0.830825244826594,-0.151871464007372,0.224402718930097,-0.290299353046696,0.792339719817794,-0.827230643438437,0.642829065327351,-1.16872157844124,-0.950185222787421,-1.21663397892203,-0.699746312334188,2.14336599296088,0.136041711108389,3.81928792592167,-1.7393226168901,-1.46085056943232,0.930522357341491,1.09257678505249,0.901743202252138,1.0630531598049,0.181135516814103,-0.456962801865861,0.395174118885076,-0.17197536081345,1.67322305192864,2.15221622226476,0.0495893091833649,1.43069156207005
14.3912786834613,1.609307221121,0.69781001519723,-2.04965659487886,0.00663687636697126,1.14466838758918,0.415699158438293,2.30648156873417,-0.818532437369812,1.79168996774587,-0.200479183251862,0.268573508750693,-0.787719231863767,-0.968869765171051,2.01327893289052,1.99734062460967,2.42107931138938,-1.73369331210495,0.591556661901206,-0.354579477452587,0.95068313050782,0.0963273002599393,-0.655643142982508,1.31737990726234,0.436536968880153,-0.311248046068336,-0.178091122065018,0.690460197864054,-1.22962268428253,1.07151867697247,0.159853210883677
16.3945767758317,0.368528062626099,0.271890659680957,-1.6263046628822,-0.403799517269309,-0.676289330187685,0.15001880471427,0.367401032749297,0.675561466264886,0.400768256027482,-1.21535118677552,-1.4226384719872,0.797069926831538,0.174695923635728,2.79219759602372,0.305935654821031,2.49042943428712,-1.52310429042614,1.79677998885847,-0.266248721447715,-1.59784250248968,0.0506527946868688,1.1208713985415,-1.57668842644685,0.629953150223165,-0.966474905164533,-0.0315736330478158,-0.0801327074410666,1.26583822854457,0.272247097708604,1.49727869665103
11.4526776360024,0.786921068484858,-0.237871211338427,-0.792295795479269,0.394584943856122,-0.255944817326973,0.639331439985315,-0.198213643020175,-0.940140377343719,-0.365344350609978,0.202119124881783,-0.0168272994874794,-1.5607183131241,-0.837410240117092,2.62097612958796,0.637344342821105,-0.00780511878398849,-1.77597355136618,0.247379223158687,-0.0771130490179223,-1.26919302625779,0.726942883776828,0.963619338898071,1.62968749012308,-0.754672931540849,-0.426491373741815,-1.15115444939059,-1.05283913975339,0.456999637974889,-1.53597717203932,1.01103875897647
11.8774306554055,1.17641418516175,0.629489814541853,0.471833247599841,-0.185055616016424,-0.514656597859949,1.78273321948593,0.530392725739694,0.405699333405229,0.535000995886137,-0.865120294152993,1.06214434674824,0.4250418950475,0.864729808557979,1.7795533918645,0.992676556743937,0.902339439363804,-1.3058065965604,0.368317398001375,1.65909553583094,1.61743375228524,0.260948355241601,-1.08231455438467,0.0240911966629938,-1.67748235293981,0.0516499215375006,1.7855038539912,1.14356565029124,-1.26792500308698,-0.0313195355701968,1.12591413438427
9.28889669764904,1.27677361808771,0.494317888569446,-0.143005732706567,0.763949698011788,1.7363877832024,-0.280721479047329,-0.439652270716994,0.206643418365681,0.184514304173067,1.73618701976649,-0.53445303889097,-0.315518401945181,-0.245794893172767,2.57357076393588,0.540551388526062,-0.265642412219738,-1.12647658913713,0.382806585641065,-0.856590815832309,1.04968481427733,1.02025804611463,-1.08707971465264,0.947957886401129,-0.168843768682942,-0.928540175264353,-1.1185662455066,0.0727961163403487,1.09400718518667,-1.44649290532132,1.05449259546945
11.0382829669104,1.60293165637637,0.0270838018194647,1.5575802125812,0.352798954155082,-1.64612716781402,0.276934093685513,0.0929127145725621,-0.0807840823252859,0.679525924184465,-0.205363700193992,1.65871779187694,-0.180177300805136,-1.04100160166135,2.77863198155931,-0.0954723547670989,1.87311225012698,-1.61760781089485,0.415588263835477,-1.48999346313037,-2.56676780400226,-0.0606533383813709,1.57127747699483,-1.25128793911281,0.216899213560221,1.5117986031689,0.665263768834032,-0.00890400148513881,-0.93328113660643,0.0391059713048622,0.900932548758875
10.538410216328,-1.06365689701476,-0.0789175609775181,0.347020551478418,-1.54456797361108,1.25135807056461,0.153327346236408,0.472536905121255,0.0955255939718445,-0.848457448554547,0.134883302760495,-0.162020625920788,0.354878748063891,-0.893633655251835,3.73972268807814,1.45989551574765,0.816845292594614,-1.25668955338616,-0.263011753404726,0.528225724511966,0.658802692458268,0.0925646636275996,-0.297558744394649,1.02007319379117,1.03489812578038,-1.12015326762885,0.0320902598497132,1.22271398439637,0.937205503951805,0.599943643270326,-0.608830344579041
14.5363707069705,-0.955030875562563,0.46662945741238,0.580701777804516,-0.686739790878442,-0.301689200583308,-1.4521196700082,-0.660513214420626,0.528769213385458,-0.173047219369749,-0.64664331583579,0.48431763462759,-1.15968895792535,-0.650720228574478,1.14174140208443,0.561150554089335,2.02052236836722,-3.30407385057161,-1.71263485610089,0.257711857062844,-0.721570330923459,1.83192598099207,-0.525023064460293,-2.60995226186663,-0.461824326394979,-0.27149752199987,-1.11616928208615,0.557028297413902,1.58081077814759,0.429224175697164,-0.278782969224119
19.0298483670847,0.651726525465828,-0.327372606288641,-0.933949721543421,-1.66705483605613,-1.98290650841548,-0.0595197672344357,0.00284817494768621,0.649778129791537,0.571850446093632,0.267254474544251,0.635370714189614,-0.809130110217448,-1.15685721701959,3.89000092670888,1.22430173676424,2.95136550659263,-1.7872014223447,1.34186610630207,-0.192132722185998,-0.51392090155128,0.56269112597264,-1.84982037691451,2.02010804901824,-0.951593222420403,1.14307946645467,2.31454942993271,1.13944523469577,-0.716882638664866,-0.620833847535905,-0.735644656276019
14.9982464796872,-0.024133753076374,-0.184612854914172,-0.541112069641441,-0.600901102189626,0.31696695609024,0.404235714017015,-0.579366138165441,-0.297293414091304,-0.653860227995851,-1.08921156920206,1.13168326636686,-0.394316654394424,0.153276475601849,4.38278944512044,0.985607980704017,-0.379209462386624,-2.97250587769036,0.0806650323504708,2.02311272155292,0.498921513543064,0.567524354323604,-0.430445407412282,0.237716665242572,-0.339498497632645,1.26778208266414,1.20119069865083,0.240786643094969,-1.59743093030992,1.56599009759665,-0.992658644956792
11.7590495970445,-0.726881891327762,-2.08864993825252,1.30945174705194,1.04185691371896,0.131533707358534,0.592547372905921,0.1202901314217,0.992003653860328,0.201926782459935,0.702498489090375,0.761336168917807,-0.511215909854844,-0.800154482087277,2.12696049833285,0.795542752093036,1.76560052316002,-1.48583874005973,-1.18826095833286,0.264844952506001,0.103469622719798,-0.922171327560967,-0.661963653456618,-1.04794028327257,0.204110093993967,0.377185132519334,0.551509223311965,-0.0163161765589563,-0.145676703482999,-0.122706703352314,1.69363448580243
14.1707290373633,0.472924284899436,-0.425252111117545,-0.352735662229985,1.17256591846935,1.05741547168917,-0.0967157388094835,0.436538720411808,-0.100208833076369,-0.528222152090008,0.355208117509636,-2.30962371577985,-0.169131062100292,1.36286334393591,1.49713687100689,-0.468701425894292,2.38332109109375,-2.36381863815007,0.586247896771062,-0.426505160163371,-0.983684388397161,-0.571876367992194,0.977717338845281,-0.856883594475507,0.720860139716264,-0.776258673875048,-1.62498540421835,2.08502835292676,0.380755062769899,0.641991599185358,-0.115440718487401
19.0759054934967,1.02544842548357,1.21061305424641,0.940041522276186,0.766905279535995,0.964148821483388,0.0135248556494481,0.0915589295437953,-0.728670525029708,0.0755605436127286,-0.323902364104466,-1.32011478407945,-1.21615914879727,0.364901989408229,2.78839253331408,0.435388801487984,3.4893871922843,-2.64427448959591,1.42843116452544,0.841691924788872,-0.763442542366895,0.861932274401577,2.24146832595745,0.251136940543346,-1.93810149538854,0.820933074262003,-2.12458448906446,0.746375526439675,0.220679890648141,-1.11279894080853,-0.336056864982313
18.051915757914,0.0210049171348537,-2.08862457980699,0.2283717495059,0.539052152050915,0.661159773475124,0.215790284588514,1.5014844971152,-0.738944337810142,0.0453385744973809,-1.24834359991943,0.255299110897482,0.479923457648996,0.485693038849996,4.26196877320785,1.57474065107992,0.947028966087324,-1.57679704194968,-2.16721826305004,-1.78785716592763,-1.29759953815827,2.78166220933331,0.645478297456013,-0.434369542426596,1.06430718763148,-1.36555816169254,1.57861618545731,-0.202772396416937,0.53203293238988,-1.72237399271576,-0.139451652516412
19.6613601123885,0.812634385647551,0.906249359542578,-0.109843064849056,-0.364594705831394,0.478719610572336,-1.25916931368752,1.37668189158017,1.19901285457539,0.0408577638664736,1.47073575551727,1.45800777475607,1.29074351599556,-0.532637340588342,2.75242755683108,0.67234828442283,1.78157918233382,-2.34528984721465,-0.722777814817541,0.192479704956544,0.426097503469849,1.43151443914276,0.369594358017578,-0.207556166360865,0.0378815586994823,-1.03353235301239,-0.540246020041096,0.442185211112292,-0.523248842625532,0.571226860297335,-0.405563827681882
15.0193153704266,-0.299407018567415,-0.208583913848497,-0.318719556451422,1.22941690846917,-0.612879353966281,-0.530089350623129,-0.646022471986755,1.32340325857391,-1.44346648133119,-0.394679453538938,1.61116512436753,1.44438884072624,-0.0506827055521586,2.77418690290168,1.7506862062458,0.634936570786289,-2.59671399637754,0.824297529274422,-0.79926777719832,-0.463645609163067,0.0781126377196013,-1.24304006247894,-0.102563767650781,0.0164112777940149,0.322625215034474,1.04806501151512,0.615976124822332,0.562923481090463,0.456115707501518,-0.87253863532619
16.3611619531421,0.565034280980835,1.29103513398607,-0.0744292267535439,-1.00689282079328,1.45905614402855,0.717997450765088,-0.384425219887181,0.991425307352736,-0.974712343675024,0.699077207441127,-1.27390225019302,-1.25220227496637,-0.389229437979133,2.77217824119917,0.164027070689491,1.97806431329313,-2.16736709978572,1.56569255117437,1.15839243956396,1.75420966467316,2.1998989855094,0.488094705323416,-0.467447007671464,0.42347270289108,-0.285353165456928,-0.172408643357103,2.08337411762993,0.723618542298972,0.270307541510828,1.56710234974848
22.4792594908336,0.538627819531134,-0.627621489129494,0.979475417645652,0.0900633052935133,1.58407875028827,0.706608914498387,0.411945857284177,-0.470084921200682,-0.673820506177896,2.44023245191315,-0.584226065031506,-1.16513769800754,0.544366566210773,3.63229452352612,1.97686014389277,1.52660013274342,-2.42889693282104,0.604136992568385,-0.429654665633989,0.74888270570479,2.94585419756561,-0.0800954917952616,1.49709609922167,-0.401302218325224,-0.325979103199353,-0.377600656911147,0.88402337240534,-0.547515196863517,-0.419764829728136,1.19427110761147
10.2748474001497,0.15273089571881,0.449482700499432,1.49131411768708,0.296661650286202,-0.813061679790676,-0.843996127968576,-0.192121238842413,0.393841014669169,0.591328796037084,1.33780743596295,-0.585686765816145,0.859814184375217,0.587981648367485,2.45591397543875,0.280614886907889,0.583744548386461,-0.919226405414555,-0.40020148899103,-1.10680764167345,-1.17097704457695,-1.01722699792949,1.06776931097155,1.08694415421897,-1.82340213023586,0.28643119710157,0.550016803681105,0.72439602395019,1.16425921989973,-0.176402421071635,-0.772673835938683
9.37433283303295,-0.558176992987748,-0.49029691097071,-0.844489291738746,0.111266240214762,-1.71915030786088,-1.53132967437593,-0.0245455403536391,-0.81796618168372,-0.85135073984874,0.220560653159433,0.27791318339005,0.572416911232179,0.826586226121225,2.1165323510126,0.00701554749807748,2.02151381220988,-1.00047035021653,0.405816642222849,0.120843028108861,0.380849576549826,1.01092821184376,-0.639513572777391,-0.210265221499347,-1.58593744774252,-0.944624200716595,0.675797557451601,-0.496349072253959,0.171992360182205,0.689073563656829,-1.2341565964755
13.2345460236131,0.805885518541005,-0.78428327701414,0.377310830928689,-0.947581479532898,-0.404891104981262,0.638644443965832,1.78179877985244,0.594846595439193,0.37465443179382,1.87737849666823,-0.620889202794301,1.12488928048268,1.17065329823331,2.2182299176256,-1.61362023567307,2.58338462986667,-1.42973374449884,0.3472286266892,-0.481574660800923,0.106521138382992,0.684464400907934,0.680625381429277,-1.70644067301811,0.106455424516603,0.288167797012611,0.421239738478819,1.39339958188257,0.490775014339238,-2.83826285094754,1.32586814137349
13.4362376065499,-1.19983528684411,-0.793861159077457,-1.62931200493396,0.173279205183762,-1.44519012964788,0.574814885034642,-1.01535589528025,0.168666214197335,-1.80155579606963,-1.53745186559907,1.22151194644269,1.08691928804342,-0.990454450745457,2.52105718832033,0.626218514607336,1.56294942509763,-1.83076961105425,1.28887215290741,0.02570186965816,-0.879348919529398,0.510636295155114,1.37334939489472,-0.0118489525868101,-0.852215656975888,2.073303441697,-1.36913745227549,0.209545068522624,0.233240888574029,-0.556023724174829,-1.67038167779209
15.2695170590337,-0.222363148720842,-0.176977249994638,-1.32538186238428,2.86810685011956,-2.75637382932031,0.401286364788529,-1.63248528624343,-0.0387457358834704,-1.03983723317829,-1.469595496081,1.32896594762946,0.971830684937844,-0.059261269163182,1.28262955366965,-0.204060226878427,1.75994270725894,-3.73231014888692,1.10151657952248,-1.07185984564691,-0.532117990890986,0.202790273192837,-1.43369661414121,-0.637755008632651,0.419101642098924,-0.79691166120567,-1.4146911898606,0.438173075423256,0.0926394004974182,1.22055627181345,-0.142321458122093
14.2839156140177,-0.0986096426982057,-2.57675055591317,-1.04044090513484,0.800410278081247,-0.577762692796848,-1.40633444830224,0.0185856767089777,0.364069049140839,0.181387232147009,-0.578609752344739,1.48137657865624,0.0564098859039928,-0.248604349742395,0.475874137700262,-0.0459863227938239,1.16716840345961,-3.79189605310604,-0.162853333167479,1.01673653939313,-1.82127009639297,0.0932504761722808,0.915395481479429,0.897177414402727,-1.07674964530112,-0.0439753778981455,1.61275336847045,0.884112381060416,-1.07489917833278,-0.646289112771031,0.968748853071731
19.0973333852864,-0.508377167520358,-0.202656896623002,0.44222369418172,0.3685504862707,1.29095451102146,0.496268844540559,0.107427127293312,0.0250436627149491,-0.318283439620295,-1.1885135314302,1.87701394056026,0.914277332379593,-0.263123539979323,3.47275389011475,-0.148051565881161,2.08868697525147,-2.91599717553466,1.813103544877,1.40291580340316,0.172307163800368,1.45658751043819,0.466529902199645,0.0192417938341689,0.8316394681983,0.854645523663814,-0.560685487672743,-0.34633441894632,1.79908879239099,-0.310359524714474,1.12861479362164
16.6619182701106,-0.239271844429321,-0.0580216307025474,-1.70169858321808,0.927285561573077,-0.649636670781676,-0.741189955940784,-0.85777709361091,2.37866146802009,0.14533073687593,0.410199017249802,0.303344506894157,-1.76146110353196,2.16238112295928,2.68890854756138,-0.948617196163685,1.99783578923799,-3.0525503405015,-0.989898026788691,-0.229337199077573,-0.656216946056542,-1.5611467583862,0.952463284838688,0.188521754472574,0.263194915248774,-0.431236965656251,-0.805946937553221,0.337886231818101,1.18160354421094,-0.544136480421157,0.0912024181661382
12.996791739027,0.965221477271016,-0.531503682151144,0.441528107506447,0.425859209677859,-0.0581845746716885,1.14797582425275,1.84386578361539,-1.28328166701051,0.114541551262337,2.12912065454274,1.22677853356041,2.00289548529811,-1.14706064034285,1.88468826387107,0.551338476717815,0.475475096048352,-0.682956264775285,-1.09068017601176,-1.13983359964097,-0.289928206881885,-1.22015267788653,-0.967871441587173,0.0581353681298985,-0.545259066093401,0.264111432247387,-1.04761856900447,0.673750661644955,-0.15324695635532,-0.808112098632057,-1.52432219410817
14.8883171223186,-0.353536201940412,-0.730069476299548,-0.717413938402238,-0.133233351105543,-0.2065044499069,-0.909362175590172,-0.542815584227624,-0.372417749797333,-0.560474323172175,0.955539036796715,-0.916384171454429,-0.64642703270767,0.279858979516962,1.96619735149035,-0.971036927941785,1.91142550917435,-2.25983881336463,-0.926641701889638,0.543595632617443,1.19374309601341,1.77388826363773,0.443329976700687,0.2166916618561,0.0350905542789444,-0.997993108792587,0.858060972295563,-0.995268736904685,0.900038570972542,1.30179108291398,1.40063979795138
9.29876090421008,0.692671095814037,-0.938000230989687,-0.315049857259767,2.03547447389085,-1.67950439473387,0.976454595463808,0.467053256216947,1.22080531103802,-0.628510420281118,0.506898456195212,-1.2188540699807,-0.847102169441659,0.158137962038637,1.52981683711907,0.566704038275732,1.30153366834905,-1.95615429007616,-0.303595399128397,-1.86577146548301,0.091169852099436,0.518517247770994,-0.000309240719314841,1.9513838500232,-0.723480408109316,0.777594362498407,-0.0892257773718984,1.86888359626609,0.401122870616487,1.47754364459896,0.019675851733134
7.22022885586211,0.97355648676314,0.521170231211165,-1.5713232781045,0.808184833371812,1.23936854604958,-1.10147620259162,-2.77770710872894,0.639900980806546,0.889065690341585,1.04749491235098,-1.25732183067564,-0.554982063947562,-0.356530723246252,2.01169665190237,2.81406595065964,1.4433613565493,-0.83771573166642,1.5898757383433,-1.23083035732161,0.938107798326004,-0.0612055716182307,1.88326373916418,0.0566145169764993,-0.840824687713321,1.09402408107452,-1.20207745880656,-2.188535325308,-1.3222821034831,-0.153837774704684,0.737623919240186
12.9495080507439,-0.97840145847226,-0.280606584813299,0.577217279066481,0.728911491391944,-1.14362433371252,1.28038811229378,-0.685315357588084,0.868805065287218,1.3681667357782,-1.95343261551709,0.821019905988357,-0.271115073734939,1.39465748641346,3.36782350230768,-0.619652302494233,0.972281180368911,-0.78678162464005,-0.339089010525285,3.7640954846934,0.386132476474557,-0.394668550763619,-1.17681103446622,1.52052064796783,-0.434338124474509,-0.345317409438046,-0.180852150357661,-0.871233095282242,-0.106430208164374,0.49003225437358,-0.321369146043187
11.661338470617,0.398465094457836,1.18001249110293,-0.142750307310718,0.224846643467999,-0.938609898781447,-0.133007631073723,-0.579861084835473,0.186860774819066,-0.250097563423281,-0.54322916597896,1.35740072218874,1.55766308187366,-0.223306844138385,1.25819667691688,0.363012022642,3.10975147426742,-0.687633789858751,-0.860685003696579,-1.59360615236598,-1.10485085981654,0.320758401449249,-0.86316473548891,1.10382430949101,0.584807986726895,1.10987727003245,-1.41999563109903,1.0853918945587,-0.00454449221920699,1.05010135908529,-0.768638205249717
11.1226548642092,-0.3579322743064,-0.414578736342053,-1.14321364125142,-0.187803527939014,-0.760996426806755,1.00066367510114,-1.96612627096499,0.587785579402664,1.09476282668812,0.00401313634881509,0.752201586714647,0.204621934687866,0.802375284616253,2.29021926161747,0.275293838434471,1.22262347469283,-0.627353051067104,1.16474327487284,-2.01955968837232,-0.88930800031516,0.0728480463782811,-1.49998231578387,0.710923672181292,1.50220355554444,-0.101875906357796,3.08156866275396,1.18792022610848,0.33337213169768,1.40078356694985,-0.602807978939788
9.56587080828725,1.46426206206082,-0.913424051135427,-2.06431660032477,1.66833830443346,0.142743170397337,1.04499899459205,0.700223748329751,-0.127345394449288,2.51019038536297,-1.00676114161969,-0.96160112036577,0.494098072769996,0.306311107444116,0.854601964615806,0.667819972941969,2.36810791441596,-2.52801624619023,-1.04457377812876,-0.292201901771956,0.295708425307711,-0.127757588896834,0.356269875148951,1.96691318509225,-0.763386532717932,0.0223825170816731,0.450795104422713,-0.193381322394359,-0.869064607556669,-1.85626021106047,1.63987924253067
17.2234799083731,1.03121114050719,0.314726986692396,1.4901373612742,-0.973191899126477,-0.702569177749232,0.64598649936822,0.200806796298124,-0.0778140524337105,-1.98449602800021,-0.0666044159169704,0.272952107978635,-2.53282046839848,0.788294654483067,3.14235713022475,1.59472024914812,2.53945010842746,-1.5278571191509,-0.607640353029302,-0.588000489544928,0.727873282381763,0.74124775658669,-0.641619053278008,-1.42411948085428,-1.25334188078289,-1.14992550934219,0.00506007506581871,0.289783071417747,-0.656901661673238,-0.767962126606951,-0.522705524426695
12.1052827022814,-1.58800496741516,0.922933361440073,-0.478725320249404,-0.630375550328145,-0.341402099930027,-0.946701303408442,-1.15898319993052,0.6275104364787,2.06077931546855,2.16174089253278,-1.46735814443119,0.118925287494255,-0.188281419458597,1.7462778496139,1.90042968872925,2.79306725336661,-1.2819301234614,-2.12088686313224,0.398814494944247,-0.67200719016775,1.13024071209476,0.487918962987875,-0.568914452507375,0.907111463558208,0.0931086141306673,0.0507824811398744,-0.972711837283184,2.90086742295899,-0.8877654397215,-1.15093978656669
11.9899386677477,0.343870868516369,-2.25969057457777,0.933418487173945,1.19920466630934,-0.208046713760295,0.0425858521841731,-1.24669158047369,-0.00706318905485692,-0.942117205038016,0.674882347050623,0.829883963521242,1.91368386464932,0.227395348939143,2.86872713493776,0.626511621270647,1.67585998135434,-1.17408153024797,1.55614276488509,-0.427471422345479,0.949909194036542,0.745974732610484,1.0775554986208,2.22499097580981,0.890025329134881,0.326196683495331,0.0505620360400811,1.41333110495992,-0.234815807840035,-0.439144989556457,-0.62711853756987
11.7096562926084,0.493644059712886,1.37317469981575,1.41557114979801,0.438499530756818,-1.39992811274744,0.0810427899530428,0.813825030300577,-0.916362367275912,-1.14006016400841,-0.0127256606053005,-0.153079454052657,-0.556258999555636,0.812654536063907,1.61221609030628,-0.832934250683855,1.35724823758781,-1.07889286028677,0.704955289712475,0.508074519664651,0.17580728040835,-0.19327973671755,0.0202200281883206,-1.17777503367695,-0.465511711377681,-0.173196575506344,1.3465221590127,0.328056954298576,-0.699642477424652,0.460808176074838,1.1144214574403
14.990856757489,0.00599581827854334,-1.0594291546395,-1.05597976106759,0.342361913599423,-0.737576355924752,0.058557890353579,1.77214245840377,-0.888866418538392,0.580440981283655,1.12075611626366,-0.468167382455285,0.141878825208361,0.264583822215727,2.86449657650905,1.10475736748325,-0.513745270660439,-3.41471143382722,0.324255770377075,2.02512315228717,0.805891992852767,-0.493921601559078,1.40703086383789,-1.00663172738359,-0.0860842500735141,-1.61150172998899,1.04120646122361,0.240309787320847,0.364566445853995,0.96957394289979,1.39843735775052
12.6151002703275,0.411584515623517,-1.03536652446425,-0.594865353193791,0.0184919508229582,1.32244087227031,0.506735999279951,0.122592519231787,0.15932260253378,0.215296153770275,-0.27328145804381,2.0589592938355,-0.421830989142057,-0.939490527192002,-0.396258233592092,2.18859428818676,2.5608076155711,-1.68055402397755,-1.33035357148986,-0.16656271907355,-1.56994998725805,1.8007085174878,0.181227573181574,0.85548320400866,0.563472605132724,-0.393447281561411,1.33562940265978,0.279432825779872,1.82760762196454,-0.67016296223648,0.0208602232236378
9.89987978449415,-1.23093841393935,-0.528148360758449,-0.315754933025176,1.68111923392122,0.322803538901131,-0.335537908883747,1.73542326969564,0.878836364401129,0.540686579568193,0.520798531761503,0.617857316721495,-0.339430961038956,0.167514816904973,1.17688154009417,1.30670742622878,2.89694343892242,-1.56483977222115,-0.213888408016858,0.669197634560552,-1.12189669551385,1.36691078994842,1.49402246460905,0.863311720125766,-1.44894349713503,-0.778197838353922,-1.14010057902094,-0.884495992411016,-0.906088904065038,1.79985264774985,-0.562516035118439
